dateiname,titel,artist,enstehungszeit,objektbezeichnug,guid,entstehungszeit,objektbezeichnung
sgs_mup_anonym_3479_001_s.jpg,Waldlichtung mit Hirschen,"Anonym, Französisch",,,83317C1448C4695E654F3AF0619CA65,19. Jh.,Gemälde
NaN,Stilleben mit Blumen und Eßwaren,Georg Flegel,,,9BA1B1E144A3411A9A51859A67D8E530,um 1630,Gemälde
sgs_mup_bravo_3394_001_s.jpg,Landschaft mit verfallender Architektur und einem Reiter,Cecco Bravo,,,5E84E96E4C44D5875DE6DFACB86FEA6B,um 1630/40,Gemälde
sgs_mup_anonym_3593_001_s.jpg,Ausbruch des Vesuv,Anonym,,,83B795324231E30A6CD658889B083324,19. Jh.,Gemälde
sgs_mup_klee_l-1428_001_s.jpg,Rhythmus der Fenster,Paul Klee,,,AA61EA674B9637F920D0AB819C01B844,1920,Gemälde
sgs_mup_marc_2519_001_s.jpg,Die kleinen gelben Pferde,Franz Marc,,,FC253C354022E920FA4EFCB94200A46C,1912,Gemälde
sgs_mup_schlemmer_2424_001_s.jpg,Unterricht II,Oskar Schlemmer,,,C24DF31241EF93C55DC1F7BA05CBA3E7,1928,Gemälde
sgs_mup_moholy-nagy_lna-793_001_s.jpg,Komposition Li,László Moholy-Nagy,,,257A3AAB44B1C006FC6752827740F9E2,1926,Gemälde
sgs_mup_mondrian_3353_001_s.jpg,Komposition im Quadrat (Composition dans le carré),Piet Mondrian,,,3E38D85F4CB5C93DE7EDC784B6EBD64F,1922,Gemälde
NaN,"Komposition in Weiß, Rot und Blau (Composition en blanc, rouge et bleu)",Piet Mondrian,,,61E27C0B46CAC95BBFAB85BBA5FF4C15,1936,Gemälde
sgs_mup_munch_2712_001_s.jpg,Das rote Haus im Schnee,Edvard Munch,,,69A4FE3B411B0FA669CEAABE2AC7C954,um 1925-1926,Gemälde
sgs_mup_delaunay_2795_001_s.jpg,Paris - Die Frau und der Turm (Ville de Paris - La femme et la tour),Robert Delaunay,,,6673151F4A3E962017E0EE86074AC694,1925,Gemälde
sgs_mup_kandinsky_2723_001_s.jpg,Improvisation 9,Wassily Kandinsky,,,D2DF983743D34153BFBE2FB6AB6D95A8,1910,Gemälde
sgs_mup_kandinsky_3091_001_s.jpg,Komposition No. 350 (Hommage à Grohmann),Wassily Kandinsky,,,1A8118A948DE9F0211F0538E4D0B4785,1926,Gemälde
sgs_mup_kirchner_2343_001_s.jpg,Segelboote bei Grünau,Ernst Ludwig Kirchner,,,2E0FEB2D4D187A9A161F36ADD84D1952,1914,Gemälde
sgs_mup_kirchner_2817_001_s.jpg,Hirte (mit langer Peitsche),Ernst Ludwig Kirchner,,,122B3D42416C7FE34118889385B3C2FA,1922,Gemälde
sgs_mup_klee_2352_001_s.jpg,Komposition mit schwarzem Brennpunkt,Paul Klee,,,AC2A95AB40971D436C8A059B791CE707,1919,Gemälde
sgs_mup_klee_2752_001_s.jpg,Orakel,Paul Klee,,,243FB0D04EBB1FED305AA0B30E8E5788,1922,Gemälde
sgs_mup_klee_2696_001_s.jpg,Jungwaldtafel,Paul Klee,,,32A78DF04BF9809FA93784BD3D6831C6,1926,Gemälde
sgs_mup_klee_3089_001_s.jpg,Vierteiliger Palast,Paul Klee,,,11E7F8BD46DC3F1354CAC19D801C3C2E,1933,Gemälde
sgs_mup_hoelzel_3295_001_s.jpg,Komposition (Legende der Heiligen Ursula),Adolf Hölzel,,,E858ABF84F288BF46E9DE7843A4C2A81,um 1913-1914,Gemälde
sgs_mup_hoelzel_3296_001_s.jpg,Große Abstraktion,Adolf Hölzel,,,8BD26B6240919F98F04CDDA5015E0BCA,um 1916,Gemälde
sgs_mup_gris_2742_001_s.jpg,Stilleben mit Fruchtschale (Nature morte au compotier),Juan Gris,,,ED1CB33848F234676B62109C9CFD9F11,1918,Gemälde
NaN,Sturm in der Campagna,Oswald Achenbach,,,A5D5C0BF45225B82939352A80907767E,1887,Gemälde
sgs_mup_courbet_3354_001_s.jpg,Meeresküste mit Segelboot bei aufziehendem Gewitter,Gustave Courbet,,,882435B7C8DA498BA6CA71C048003865,um 1869,Gemälde
sgs_mup_monet_2410_001_s.jpg,Das Meer bei Fécamp,Claude Monet,,,958E3A1B4E4E384220744785BCF5A424,1881,Gemälde
sgs_mup_rottmann_2162_001_s.jpg,Sonnenuntergang bei Aegina,Carl Rottmann,,,2952272C4DECF437EC7F1589D90A2DCB,1836,Gemälde
sgs_mup_liebermann_3050_001_s.jpg,Strandlandschaft,Max Liebermann,,,7F56C5244523A2E377EB6C98E601C102,1913,Gemälde
sgs_mup_serusier_1194_001_s.jpg,Felsen von Huelgoat,Paul Sérusier,,,3E250499409195981ED9DB9324DB418F,1891,Gemälde
sgs_mup_signac_2698_001_s.jpg,Hafen von Portrieux,Paul Signac,,,5B468546417DB46AC2AFEC9CB2093302,1888,Gemälde
sgs_mup_signac_2515_001_s.jpg,"Morgen an der Seine bei Samois (La Seine à Samois, Étude n° 13)",Paul Signac,,,356197C843D454726E6707A54022485D,1899/1900,Gemälde
sgs_mup_sisley_3088_001_s.jpg,Das Kleefeld (Le champ de Trèfle),Alfred Sisley,,,F12EBF7947916CEFB8F47F99063C5EFD,1874,Gemälde
sgs_mup_sisley_2648_001_s.jpg,Winter in Louveciennes (Hiver à Louveciennes),Alfred Sisley,,,35D78A17479915FC43E059A87D8E4AD1,1876,Gemälde
sgs_mup_hondius_3352_002_s.jpg,Kampf zwischen einem Stier und Hunden,Abraham Hondius,,,E14529684C21BBEF792D6881E56BC6BC,1683,Gemälde
sgs_mup_mirou_506_001_s.jpg,Waldlandschaft,"Anton Mirou, Art des",,,22BA98D046462B63A72774A3E594BD4F,1. Hälfte 17. Jh.,Gemälde
sgs_mup_mondrian_l-1331_001_s.jpg,Komposition mit Farbflächen: Fassade (Composition avec plans de couleurs: Façade),Piet Mondrian,,,CE18162A490560A3414B78B81A75724,1914,Gemälde
NaN,Tableau II,Piet Mondrian,,,AD15EEE340EF8F48546D97B6EE8F4265,1921,Gemälde
NaN,Das Donautal bei Gutenstein,Christian Landenberger,,,60055473465C4C3283C4B983150418F2,1893,Gemälde
sgs_mup_kappis_1706_001_s.jpg,Wolken über dem Bodensee,Albert Kappis,,,33153803452AB4722D5460848940F394,um 1895,Gemälde
sgs_mup_courbet_1178_001_s.jpg,Meeresstrand bei Sonnenuntergang,Gustave Courbet zugeschrieben,,,1859E6E64A13DFF4C2FA3593A9A1F63B,Um 1900,Gemälde
sgs_mup_heinzmann_692_001_s.jpg,Hafen von Torbole am Gardasee,Carl Friedrich Heinzmann,,,A7809163440483C35D1EC6997A5F55C0,1846,Gemälde
sgs_mup_jawlenski_2174_001_s.jpg,Herbstlandschaft,Alexej Jawlensky,,,BF323DAC4FEC5F7CBB49E59A9BE922C2,1907,Gemälde
sgs_mup_kanold_1386_001_s.jpg,Telegraphendrähte im Rauhreif,Alexander Kanoldt,,,6BAB36004F410A2D3396D49046FB108A,1921,Gemälde
sgs_mup_pleuer_1463_001_s.jpg,Stuttgarter Bahnhof bei Nacht,Hermann Pleuer,,,8F833B0A48ED3344DCD8E8ADB4052480,1897,Gemälde
sgs_mup_reiniger_2445_001_s.jpg,Herbstwald,Otto Reiniger,,,DEA4CDF04ABA5D38344772BE73310AD2,19. Jahrhundert,Gemälde
sgs_mup_reiniger_1119_001_s.jpg,Der Feuerbach bei Stuttgart,Otto Reiniger,,,97CCAEDB49A796CAE551F9835E3970D4,1893,Gemälde
sgs_mup_reininger_1216_001_s.jpg,Fränkische Hochebene bei Scheffach,Otto Reiniger,,,E0197DB34C5B9232B0E443B8EFB23C82,um 1900,Gemälde
sgs_mup_rohlfs_1396_001_s.jpg,Weiden,Christian Rohlfs,,,75D0387C46FCBA2A1A679A83B6732050,1904,Gemälde
NaN,Leibls Landhaus in Aibling,Johann Sperl,,,0035DE614C2C737CC35437908E053DD7,um 1883,Gemälde
sgs_grs_guillaumin_2656_001_s.jpg,Flusslandschaft bei Crozant,Armand Guillaumin,,,31A2BBA3412FE00AD04CDB90AFCFE6F7,1896,Gemälde
sgs_mup_slevogt_2577_001_s.jpg,Gebirgslandschaft mit Phacelienfeld,Max Slevogt,,,0BE3FA8447CBFB0EC86C22869BF3D71A,1904,Gemälde
NaN,Päonien,Max Slevogt,,,4DC1894446F64A38FA4E9F802678C3F8,1907,Gemälde
sgs_mup_bohnenberger_2326_001_s.jpg,"Studie im Fichtelgebirge, Alexanderbad 1897",Theodor Bohnenberger,,,90CA4E3641201247BE466493B29AF3CA,1897,Gemälde
sgs_mup_bredt_1784_001_s.jpg,Nymphea Alba,Ferdinand Max Bredt,,,70079F80468F8ECDF58E90760106F1,19. Jahrhundert,Gemälde
sgs_mup_faure_3191_001_s.jpg,Blumenstück u. a. mit Wicken und Narzissen,Amandus Faure,,,794D68014209A4905FB0B8A46316308E,1912,Gemälde
sgs_mup_faure_3188_001_s.jpg,Blumenstück mit Schlüsselblume und Vergissmeinnicht,Amandus Faure,,,D05F26614062769F8704DAA2AB52E0FC,1912,Gemälde
sgs_mup_grethe_2467_001_s.jpg,Schwesterschiff,Carlos Grethe,,,66DC35014291ACD87D62FDAEF252ACAF,19. Jahrhundert,Gemälde
sgs_mup_haas_2331_001_s.jpg,Wiesenlandschaft,Johannes Hubertus Leonardus de Haas,,,AA5BCF0241009DF423876596FE509CB9,19. Jahrhundert,Gemälde
sgs_mup_hahn_3574_001_s.jpg,Mäher vor der Stadt,Joseph Hahn,,,9FE349B94FD92399F06C9AA91BAA711B,1893,Gemälde
sgs_mup_anonym_3489_001_s.jpg,Fischer am Strand,"Anonym, Holländisch 19. Jh.",,,88EA4DB1412B476258A1F0B003FCBBAA,19. Jahrhundert,Gemälde
sgs_mup_knaus_2155_001_s.jpg,"Gans, hängend",Ludwig Knaus,,,192B5CD046723B4DAC3AD9947DD48721,19. Jahrhundert,Gemälde
sgs_mup_knaus_2149_001_s.jpg,Distelstauden im Wiesengrund,Ludwig Knaus,,,27FCDC704D5BF1996738D1AE72AC5BF5,19. Jahrhundert,Gemälde
sgs_mup_kricheldorf_3254_001_s.jpg,Stilleben mit Kirschen und Bocksbeutel,Hermann Gottlieb Kricheldorf,,,B0FE280549B10F81200E23B694825DCD,19. Jahrhundert,Gemälde
sgs_mup_landenberger_3331_001_s.jpg,Landschaft,Christian Landenberger,,,F116319440889F6CD84EB0840DF54E76,1917,Gemälde
NaN,Landschaft am Ammersee,Christian Landenberger,,,C43BB34D4C3B87C7EEC39B9DA883E0A0,1922,Gemälde
sgs_mup_lemppenau_1847_001_s.jpg,Holländische Kanallandschaft,Eugen Lemppenau,,,E68F45054C041BC2D37A938E0509DB26,19. Jahrhundert,Gemälde
sgs_mup_mueller_1345_001_s.jpg,Landschaftsstudie (Sandgrube),Victor Müller,,,8C4D234B4E4A814D4834D1B54DA51FDF,Um 1860,Gemälde
NaN,Königstiger,Bruno Piglhein,,,AD14FBEF46CC061EFFB9C8B0D38C1BAD,Um 1910,Gemälde
sgs_mup_rauch_2417_001_s.jpg,Altitalienischer Hof,Johann Nepomuk Rauch,,,27A407B54E6CB9668EF0F4ABBD9C17BA,19. Jahrhundert,Gemälde
sgs_mup_reiniger_2014_001_s.jpg,Landschaft bei Neubeuren,Ernst Otto Reiniger,,,FC2564A548510353E66F78FD1A36C35,1868,Gemälde
NaN,Segelboote,Frans Swagers,,,F1952A9C4161EE10AA9C20A23458C6EC,Um 1800,Gemälde
NaN,Bächlingen an der Jagst,Theodor Schnitzer,,,482301914B7548C7B10F9489FB6A5A35,19. Jahrhundert,Gemälde
sgs_mup_schulte_2374_001_s.jpg,Blühende Apfelbäume in Salesel an der Elbe,Rudolf Schulte im Hofe,,,CA1989AD4D503A80BEDFF5B8BCD2EBE1,19. Jahrhundert,Gemälde
sgs_mup_schulte_2376_001_s.jpg,Flußniederung,Rudolf Schulte im Hofe,,,B56AE6B846637C7A316279A4BE61C786,19. Jahrhundert,Gemälde
sgs_mup_stadler_1147_001_s.jpg,Fernsicht. Oberbayerische Landschaft mit Blick auf die Alpenkette,Toni von Stadler,,,9250D15040F19C13B89D3C9A24B5A7C8,1905,Gemälde
sgs_mup_stiller_3627_001_s.jpg,Landschaft,Ludwig Stiller,,,57B98F0A4374C840A982A882E401DB9D,19. Jahrhundert,Gemälde
sgs_mup_thoma_1923_001_s.jpg,"Wandfries aus dem Musiksaal des Hauses Pringsheim, München: Flug der Kraniche",Hans Thoma,,,B35ADF7F4ED4E9338ACFC99732114C77,19. Jahrhundert,Gemälde
sgs_mup_wopfner_3560_001_s.jpg,Straßenszene in der Sonne,Joseph Wopfner,,,E151A2714CFDD9FC4AF21FB06DC22CC9,19. Jahrhundert,Gemälde
sgs_mup_moreaunelaton_1025_001_s.jpg,Paris von Notre Dame,Etienne Moreau-Nélaton,,,8CC7DE8B4835969F988BD68901A129FA,um 1898,Gemälde
sgs_mup_breyer_1754_001_s.jpg,Bildnis der Gattin des Künstlers,Robert Breyer,,,902D009445E6D958C280F08A8626BE2A,1906,Gemälde
sgs_mup_baur_1162_001_s.jpg,Blumenstück,Romuald Baur,,,865B073D46A7BFF4969454920D2AC791,1905,Gemälde
sgs_mup_morgenstern_690_001_s.jpg,"Mondscheinlandschaft, Gegend an der Elbe",Christian Morgenstern,,,D00AC02B4108E54299232B9B6EAED0C9,vor 1846,Gemälde
sgs_mup_kandinsky_3723_001_s.jpg,Locker-Fest,Wassily Kandinsky,,,74BAF47448F88C09B1C136905773A46E,1926,Gemälde
sgs_mup_kanoldt_3775_001_s.jpg,Landschaft mit dem Hohentwiel,Edmund Friedrich Kanoldt,,,992591534BB7C99D4A50CB70CA35108,19. Jahrhundert,Gemälde
sgs_grs_kirchner_a-1957-2005_001_s.jpg,Alphaus mit untergehender Sonne,Ernst Ludwig Kirchner,,,F39801E44D8801F65B576ABF0EA1E847,1919,Druckgraphik
sgs_mup_hagemeister_1413_001_s.jpg,Sturzwelle,Karl Hagemeister,,,8D30BBB4422FE5FB53332F89245A5830,1914,Gemälde
sgs_mup_kanoldt_3030_001_s.jpg,Stilleben mit Segelschiff,Alexander Kanoldt,,,7931790A45E7F113650428BF0A6384BF,1922,Gemälde
sgs_mup_linder_957_001_s.jpg,Die Mäher,Lambert Linder,,,4DE8684C41A2D8754311E7BD5D8A2EB1,19. Jahrhundert,Gemälde
sgs_mup_moll_3002_001_s.jpg,Krug mit Feldblumen,Oskar Moll,,,A743FFEA4C04C4237D5B9C81B73C7BF3,1908,Gemälde
sgs_grs_klee_c-1971-2109_001_s.jpg,Schloss im Wald zu bauen,Paul Klee,,,3CB688F34C008FCB2AE332A07E95F506,1926,Zeichnung
NaN,Farbentanz,Ernst Ludwig Kirchner,,,BED9F0C14D220818B64F4F8C875826DD,1933/34,Druckgraphik
sgs_grs_klee_c-1968-1608_001_s.jpg,Warnung der Schiffe,Paul Klee,,,D1A7D195478A32A014A50CB69149BF33,1917,Zeichnung
sgs_grs_klee_c-1968-1610_001_s.jpg,Dogmatische Komposition,Paul Klee,,,51D0B09E17AA4CB29F059C69BA6C2ACB,1918,Zeichnung
sgs_grs_klee_c-1970-2015_001_s.jpg,Rote Brücke,Paul Klee,,,3426756943048D02AD1AE9A92619A1E8,1928,Zeichnung
sgs_grs_klee_a-1971-5110_001_s.jpg,Hoffmaneske Szene (Blatt 6 in: Bauhaus-Drucke. Erste Mappe),Paul Klee,,,564D312F40D8E055F23DCFB1537099F5,1921,Druckgraphik
sgs_grs_klee_a-1979-5816_001_s.jpg,"Ohne Titel (Nicht endend) (aus: Will Grohmann, Paul Klee, Editions Cahiers d'art)",Paul Klee,,,F2AF5AF046AE2CAA65D95892D822AFF6,1930,Druckgraphik
sgs_grs_bayer_c-1970-2027_001_s.jpg,Stadelwand,Herbert Bayer,,,F9F4460B4AB2015F49C5DA9CA56BF548,1936,Zeichnung
sgs_grs_kirchner_c-1957-761_001_s.jpg,Schale mit Zitronen,Ernst Ludwig Kirchner,,,034DC5D54E8FE93AA22EDCA08D71493C,1911,Zeichnung
sgs_grs_corinth_c-1972-2220_001_s.jpg,Walchensee im Winter,Lovis Corinth,,,DCCA71FA4CD7213D5104568854BDC75A,1924,Zeichnung
sgs_grs_kirchner_c-1957-745_001_s.jpg,Rote Kokotte,Ernst Ludwig Kirchner,,,B55735AD44A849A9CC7136BE0D224CBE,1914,Zeichnung
sgs_grs_herolt_c-5739_001_s.jpg,"Blumen, Vogelspinne und Schlange",Johanna Helena Graff,,,9B2C7301494B2A4D7BBF60B7314FC731,um 1702-1704,Zeichnung
sgs_grs_stenner_a-1972-5154_001_s.jpg,Vier Frauenakte unter Bäumen,Hermann Stenner,,,E2CCEA9F40EC8826420A00B00D1695A3,1913,Druckgraphik
sgs_grs_kirchner_c-1953-540_001_s.jpg,Gebirgslandschaft mit Häusern,Ernst Ludwig Kirchner,,,C075D65F416EB6FE410EFFBA51B84651,1924,Zeichnung
sgs_grs_kirchner_c-1957-776_001_s.jpg,Bergblumen,Ernst Ludwig Kirchner,,,B8E7395D4C0464CB96544DACFA255A18,um 1923,Zeichnung
sgs_grs_kirchner_a-1957-2040_001_s.jpg,Das grüne Haus,Ernst Ludwig Kirchner,,,F2B82A2D46CDCAAEA2D621BD3701AF7C,1908,Druckgraphik
sgs_grs_kirchner_a-1957-2058_001_s.jpg,Segelboote bei Grünau; verso: Großer Mädchenakt im Badetub,Ernst Ludwig Kirchner,,,4371065C464B75CD7634A9AFAFC4AC49,1914 /1909,Druckgraphik
sgs_grs_macke_c-1948-130_001_s.jpg,Weinberge am Murtensee,August Macke,,,C234BFE64A7FC4E295764AA4C82BC0A8,1914,Zeichnung
NaN,Pianta di Roma e del Campo Marzo,Giovanni Battista Piranesi,,,99EB413A45028B1A6601058779D0A64E,um 1774 (um 1780),Druckgraphik
sgs_grs_kandinsky_c-1970-2018_001_s.jpg,Gespannt,Wassily Kandinsky,,,2455490B402AD5FDFDA989802C75536B,1930,Zeichnung
sgs_grs_marc_a-1949-710_001_s.jpg,Reitschule nach Ridinger,Franz Marc,,,C715B3714F245D9E9926F1A667083149,1913,Druckgraphik
sgs_grs_moholy-nagy_c-1972-2285_001_s.jpg,Konstruktion,László Moholy-Nagy,,,A6E604C24880F70916E219980CB29241,1923/25,Zeichnung
sgs_grs_loewenthal_c-1967-1551_001_s.jpg,Landschaft mit blauer Alpenkette (Schneeschmelze im Gebirge),Käthe Loewenthal,,,8BEC20E14B8012C4845933B0DEE854B4,1. Hälfte 20. Jh.,Zeichnung
sgs_grs_feuerbach_c-1920-5_001_s.jpg,Allee im Park der Villa d'Este in Tivoli,Anselm Feuerbach,,,678F37CD57264AA0B6CD4C1D159E328E,1857,Zeichnung
sgs_grs_atkins_f-1989-4_001_s.jpg,Polypodium vulgare,Anna Atkins,,,821F779B27BA43DAB90C477D9280B071,um 1850,Fotografie
sgs_grs_hondius_b-589-28_001_s.jpg,Perspective: Tafel 28,Hans Vredeman de Vries,,,601A5158983E4A64B7CB14A60AB6D973,1604,Druckgraphik
sgs_grs_ensor_a-1985-6234_001_s.jpg,La cathédrale,James Ensor,,,B68AD3B42D4D408EA49363F2AE15280C,1886,Druckgraphik
sgs_grs_schlemmer_c-1953-511_001_s.jpg,Folkwang-Zyklus: Gruppe mit Schwebendem,Oskar Schlemmer,,,A887B9E9E64E4D7E8749F56D0F9E7432,1928,Zeichnung
sgs_grs_schlemmer_a-1951-984_001_s.jpg,"Plakat: Neuer Kunstsalon am Neckartor, Stuttgart",Oskar Schlemmer,,,2DC5191EBEAF4720BAF6E0E2012900AE,1913,Plakat
sgs_grs_schlemmer_a-1966-4343_001_s.jpg,Tänzerin,Oskar Schlemmer,,,DBBA162E822649299B66866732366A07,1922/23,Druckgraphik
NaN,[Zeichnung],Adolf Hölzel,,,2D288F3BCF3445A4B116864CE5883F48,NaN,Zeichnung
sgs_grs_tschaschnik_c-1979-2939_001_s.jpg,Schwebende suprematistische Formen mit rund gespannter Achse,Ilja Gregorjewitsch Tschaschnik,,,836D07227CB0469389C2E1F0B6C7D03C,1921/24,Zeichnung
sgs_mup_carus_3811_001_s.jpg,Nebelwolken in der Sächsischen Schweiz,Carl Gustav Carus,,,4E8E250925FA462184BE1651E4EBDD28,um 1828,Gemälde
sgs_grs_marc_a-1968-4587_001_s.jpg,Geburt der Pferde,Franz Marc,,,CC8E2CC58F704F13A667A189172DF021,1913,Druckgraphik
sgs_grs_jawlensky_a-1974-5354-g_001_s.jpg,Kopf (Blatt 7 in: Bauhaus-Drucke. 4te Mappe),Alexej Jawlensky,,,A23704F8CFB34093877B0B22B1E571E2,1921 (1923),Druckgraphik
sgs_grs_heemskerck_a-1974-5353-f_001_s.jpg,Komposition (Blatt 6 in: Bauhaus-Drucke. 3te Mappe),Jacoba van Heemskerck van Beest,,,22FB89D14D9E4A5A8519E14C28753641,1920 (1921),Druckgraphik
sgs_grs_marc_a-1974-5353-i_001_s.jpg,Schöpfungsgeschichte I (Blatt 9 in: Bauhaus-Drucke. 3te Mappe),Franz Marc,,,EEFFB9C2996D47FEA15818625F22B9AA,1914 (1921),Druckgraphik
sgs_grs_topp_a-1974-5353-m_001_s.jpg,Abstrakte Komposition (Blatt 13 in: Bauhaus-Drucke. 3te Mappe),Arnold Topp,,,13A32B8618944F28952C0002072107BC,1921,Druckgraphik
sgs_grs_boccioni_a-1974-5354-b_001_s.jpg,Schnelligkeit (Dinamismo di un ciclista) (Blatt 2 in: Bauhaus-Drucke. 4te Mappe),Umberto Boccioni,,,6B126A5DA81F468C8B884F9A8196ED0D,1913 (1923),Druckgraphik
sgs_grs_kandinsky_a-1974-5354-h_001_s.jpg,Komposition (Blatt 8 in: Bauhaus-Drucke. 4te Mappe),Wassily Kandinsky,,,3D80EB3197AC4218B585A262B74575FA,1922 (1923),Druckgraphik
sgs_grs_kerschbaumer_a-1974-5372-18_001_s.jpg,"Häuser am See, Variation I (Blatt 8 in: Die Schaffenden, 3. Jahrgang, 2. Mappe)",Anton Kerschbaumer,,,9CF7B89755B74704B404CBB3702F1DCF,1921 (1922),Druckgraphik
sgs_grs_lemme_c-1968-1636_001_s.jpg,Blumenstillleben,Maria Lemmé,,,379F78B7FDAC4CCCA4EDCE44495A14AD,um 1920,Zeichnung
NaN,"Tiger (Vignette Seite 57 in: Gustav Schiefler, Edvard Munch. Das graphische Werk 1906-1926, Berlin 1928)",Gustav Schiefler,,,B03864A5D5334A27A5BF54315ADEF15A,1928,Druckgraphik
sgs_grs_moholy_a-1968-4581_001_s.jpg,"Ohne Titel (Komposition mit Kreis, Pyramide und zwei Strahlen)",László Moholy-Nagy,,,D1F9A077BD9D4FC48442B68D3B62B202,1924,Druckgraphik
sgs_grs_riviere_a-2008-7586-10_001_s.jpg,L'aube (Blatt 1 aus: La Féerie des Heures),Henri Rivière,,,98E9589BAE874DBAAA849C9DB37247B6,1901,Druckgraphik
sgs_grs_kandinsky_c-1960-928_001_s.jpg,Spitz-Oval mit Schleife,Wassily Kandinsky,,,1A351FD3DC9D45828A8BC4ECB274B12F,1934,Zeichnung
sgs_grs_marc_a-1949-709_001_s.jpg,Schöpfungsgeschichte II,Franz Marc,,,550B2FE0095342E8AEDF6DC4E12C7401,1914,Druckgraphik
sgs_grs_kandinsky_a-1965-4278-b_001_s.jpg,Kleine Welten I,Wassily Kandinsky,,,3C1875BA72794EF7AAAFCDDE67932F24,1922,Druckgraphik
sgs_grs_stemmler_c-1968-1615_001_s.jpg,Winterlandschaft,Hermann Stemmler,,,F7CA04D87B634787908A49ED6E3A8BF7,vor 1914,Zeichnung
sgs_grs_vuillard_a-1986-6279_001_s.jpg,Jeux d' Enfants,Edouard Vuillard,,,3E42D66C68CB4A239550ECFD9E7EC533,1897,Druckgraphik
sgs_grs_kandinsky_a-1965-4278-d_001_s.jpg,Kleine Welten II,Wassily Kandinsky,,,23BCC7B2461C406EA778C0DE95549430,1922,Druckgraphik
sgs_grs_kandinsky_a-1965-4278-e_001_s.jpg,Kleine Welten III,Wassily Kandinsky,,,FFC0493D35D342C6A59867AF28E9AF24,1922,Druckgraphik
sgs_grs_kandinsky_a-1965-4278-c_001_s.jpg,Kleine Welten IV,Wassily Kandinsky,,,F5859F9DEB7D401C812DFE3FB5A18081,1922,Druckgraphik
sgs_grs_kandinsky_a-1965-4278-a_001_s.jpg,Kleine Welten V,Wassily Kandinsky,,,D32BE6041AC04E8FA6F2B746294FC959,1922,Druckgraphik
sgs_grs_kandinsky_a-1965-4278-g_001_s.jpg,Kleine Welten VI,Wassily Kandinsky,,,FF14285365214671BFBF8EC8CE596A1E,1922,Druckgraphik
sgs_grs_kandinsky_a-1965-4278-f_001_s.jpg,Kleine Welten VII,Wassily Kandinsky,,,7CD6B7887F1F4A93B52EF72C97319BCC,1922,Druckgraphik
sgs_grs_kandinsky_a-1965-4278-h_001_s.jpg,Kleine Welten VIII,Wassily Kandinsky,,,07BDAB3158B9424BB1DFF97EE82A6D3A,1922,Druckgraphik
sgs_grs_rohlfs_a-1954-1620_001_s.jpg,Katze und Maus,Christian Rohlfs,,,B04C6694DB174AA18AA9635C8570D739,1912/13,Druckgraphik
sgs_grs_lange_a-2007-7487_001_s.jpg,Van Zantens glückliche Zeit (nach dem Roman von Laurids Bruun),Laurids Bruun,,,9E26234575E34BDB9D5B178A2D767524,1920,Mappenwerk
sgs_grs_dillis_c-1989-3614_001_s.jpg,Wolkenstudie,Johann Georg Dillis,,,751A34E3B1DC400CBF1DACD7BDB06A18,NaN,Zeichnung
sgs_mup_redon_3834_001_s.jpg,Kämpfender Engel,Odilon Redon,,,41E3E65A40004FC78CD4E638AF96A68F,um 1900,Gemälde
sgs_grs_hoelzel_c-1968-1641_001_s.jpg,Farbige Komposition mit figürlichen Elementen (Anbetung in Kreisform),Adolf Hölzel,,,1B29A948BED1405ABCCA8B58C00A52B5,um 1930,Zeichnung
NaN,Bauhaus-Drucke. Neue Europäische Graphik. 3te Mappe: Deutsche Künstler (Mappe),Otto Dorfner,,,287028806EC34156B1225191A0B9A707,1922,Druckgraphik
sgs_grs_hoelzel_c-1955-600-g_001_s.jpg,Farbige Komposition (Anbetung),Adolf Hölzel,,,B6C57198F52F4FA899196353EB6EA50E,1924,Zeichnung
sgs_grs_hoelzel_c-1955-600-h_001_s.jpg,Farbige Komposition (Anbetung),Adolf Hölzel,,,6AA274FB271A441ABE586DD62650154F,1930,Zeichnung
sgs_grs_hoelzel_c-1955-600-j_001_s.jpg,Farbige Komposition (Anbetung),Adolf Hölzel,,,7AED150BC89E4DD78F7C5B420E55023E,1926,Zeichnung
sgs_grs_morgner_c-1952-444_001_s.jpg,Astrale Komposition 23,Wilhelm Morgner,,,ADE4DF5CDB7447AD9EA9378F4A8CC03D,1912,Zeichnung
sgs_grs_molitor_c-3904_001_s.jpg,"Landschaft mit Wasserfall, Mann und Lasttieren",Martin von Molitor,,,BBE3519180A14D3684E5C981549C3A7B,um 1800,Zeichnung
sgs_grs_anonym_c-1990-3833_001_s.jpg,"Landschaft mit Bauernhaus, Kühen und Frau mit Kind",Jean Jacques de Boissieu (Umkreis),,,1F52DA2B51EF4C5DADE43569C1E4F242,um 1800,Zeichnung
sgs_grs_oudry_c-1859_001_s.jpg,Landschaft,"Anonym, Frankreich 1. Hälfte 18. Jh.",,,BDAF478F9E864130A7F1CB6A51BB7326,1. Hälfte 18. Jh.,Zeichnung
sgs_grs_kirschner_c-5728_001_s.jpg,Blumenkorb,Friedrich Kirschner,,,24E6D4DDF81E47FEAB61BF8E11683BA9,1771,Zeichnung
sgs_grs_richter_c-2017-5756-163_001_s.jpg,Wolkenhimmel über Berglandschaft,Werner Sumowski,,,5BBF5A1DDC444EDA9C347599AF58BB0E,um 1833,Zeichnung
sgs_mup_widmayer_3835_o01_s.jpg,Bergige Landschaft,Paul Widmayer,,,B08B0B8BABE44FE491022F47B19D275B,1881,Gemälde
sgs_grs_delaunay_d-1963-262-3_001_s.jpg,"Vue aérienne de la Tour (Blatt 3 in: Joseph Delteil, ALLO! PARIS!)",Joseph Delteil,,,FCB49A4CC0AE403EAA85B90FD7FF33A4,1926,Druckgraphik
sgs_grs_hoelzel_c-1918-32_001_s.jpg,Studie (Fensterentwurf),Adolf Hölzel,,,91DEB03D98D347FFBB06AC3E412139D5,1918,Zeichnung
sgs_grs_kandinsky_1970-16636-1_001_s.jpg,Zwei Reiter vor Rot (Blatt 1 in: Klänge),Wassily Kandinsky,,,96310044242A419D8BEA842D1E9BD26D,1911 (1913),Druckgraphik
sgs_grs_kandinsky_1970-16636-5_001_s.jpg,Lyrisches (Blatt 5 in: Klänge),Wassily Kandinsky,,,5195750231CD491BB8B705ABD88375F8,1911 (1913),Druckgraphik
sgs_grs_kandinsky_1970-16636-7_001_s.jpg,Zwei Frauen in Mondlandschaft (Blatt 7 in: Klänge),Wassily Kandinsky,,,EB9748DD5D3D41B59868D5043F3F61D0,1911 (1913),Druckgraphik
sgs_grs_kandinsky_1970-16636-8_001_s.jpg,Variation nach »Improvisation 21« (Blatt 8 in: Klänge),Wassily Kandinsky,,,DFA64AD69A0649B0ADA4E34A2AA0B348,1911 (1913),Druckgraphik
sgs_grs_kandinsky_1970-16636-13_001_s.jpg,Motiv aus »Improvisation 25« (Blatt 13 in: Klänge),Wassily Kandinsky,,,97796D507C1543CD854062F9249D454A,1911 (1913),Druckgraphik
sgs_grs_kandinsky_1970-16636-15_001_s.jpg,Orientalisches (Blatt 15 in: Klänge),Wassily Kandinsky,,,A5884FCC519A4053A79FEE4ECC7571B3,1911 (1913),Druckgraphik
sgs_grs_kandinsky_1970-16636-16_001_s.jpg,"Drei Reiter in Rot, Blau und Schwarz (Blatt 16 in: Klänge)",Wassily Kandinsky,,,B3C973488230465098D1AD478E840D32,1911 (1913),Druckgraphik
sgs_grs_kandinsky_1970-16636-21_001_s.jpg,Reiterweg (Blatt 21 in: Klänge),Wassily Kandinsky,,,37F1440E55C1492084CF657808F024F4,1911 (1913),Druckgraphik
sgs_grs_kandinsky_1970-16636-23_001_s.jpg,Weißer Klang (Blatt 23 in: Klänge),Wassily Kandinsky,,,6F5AB1B256F5452BA24417E3802D5027,1911 (1913),Druckgraphik
sgs_grs_kandinsky_1970-16636-25_001_s.jpg,Kahnfahrt (Blatt 25 in: Klänge),Wassily Kandinsky,,,74D5803C8A6A49309ECB6F8D5FF79043,1911 (1913),Druckgraphik
sgs_grs_kandinsky_1970-16636-32_001_s.jpg,Berge (Blatt 32 in: Klänge),Wassily Kandinsky,,,A0A76F841AA94BF8B943F286C825FC99,1911 (1913),Druckgraphik
sgs_grs_kandinsky_1970-16636-34_001_s.jpg,Improvisation 7 (Blatt 34 in: Klänge),Wassily Kandinsky,,,E62E27A24EEF4ED1841A461260F4078D,1911 (1913),Druckgraphik
sgs_grs_kandinsky_1970-16636-36_001_s.jpg,Apfelbaum (Blatt 36 in: Klänge),Wassily Kandinsky,,,39D9FAAC0DB442769842836C294B5F29,1911 (1913),Druckgraphik
sgs_grs_kandinsky_1970-16636-45_001_s.jpg,Allerheiligen (Blatt 45 in: Klänge),Wassily Kandinsky,,,F2F8581CD3A94EA39ABF1417DF9A58D5,1911 (1913),Druckgraphik
sgs_grs_kandinsky_1970-16636-48_001_s.jpg,Landschaft mit Figuren und Kruzifix (Blatt 48 in: Klänge),Wassily Kandinsky,,,4BEBAAC8F0944302B67C3B10FEAACDF7,1911 (1913),Druckgraphik
sgs_grs_kandinsky_1970-16636-52_001_s.jpg,Große Auferstehung (Blatt 52 in: Klänge),Wassily Kandinsky,,,303D17655E6145B3AF96702E8E890F18,1911 (1913),Druckgraphik
sgs_grs_klee_d-2005-681-1_001_s.jpg,"Les feuilles libres, 9. Jhg., Nr. 48",Jean Cassou,,,4B1E21CB7DE64F4AA42F2F352D129803,1928,"Illustriertes Buch, ill. Zeitschrift"
NaN,Le Bouquet d'annes,Charles-François Daubigny,,,5E74D2C2B230431A86B6C36ABFC25FB5,1862,Fotografie
sgs_mup_werner_3480_001_s.jpg,Eine kranke Nonne in einem Klosterhof,Carl Friedrich Heinrich Werner,,,5175C231591A464CA1E5A1303B56BCF1,1843,Gemälde
sgs_grs_hiroshige_a-1960-2272-11_001_s.jpg,Hakone. 10. Station. Ansicht des Sees,Utagawa Hiroshige,,,999105307A8D4F80BE192E93480B13DA,um 1831-1834,Druckgraphik
sgs_grs_hiroshige_a-1960-2272-16_001_s.jpg,Kanbara. 15. Station. Nächtlicher Schnee,Utagawa Hiroshige,,,120C146C1BD1469D81A48012414E178A,um 1831-1834,Druckgraphik
sgs_grs_hiroshige_a-1960-2272-17_001_s.jpg,Yui. 16. Station. Der Satta-Pass,Utagawa Hiroshige,,,432F6F2BC3994A72B2DE60440ACF1518,um 1831-1834,Druckgraphik
sgs_grs_hiroshige_a-1960-2272-18_001_s.jpg,Okitsu. 17. Station. Der Okitsu-Fluss,Utagawa Hiroshige,,,73146B267F1A419799B358635D59D84D,um 1831-1834,Druckgraphik
sgs_grs_hiroshige_a-1960-2272-22_001_s.jpg,Okabe. 21. Station. Der Berg Utsu,Utagawa Hiroshige,,,738E4AD877254E539FF6595F67A34371,um 1831-1834,Druckgraphik
sgs_grs_hiroshige_a-1960-2272-24_001_s.jpg,Shimada. 23. Station. Das Suruga-Ufer des Ōi-Flusses,Utagawa Hiroshige,,,C03181C35194483BA4846C47ED4B6FB6,um 1831-1834,Druckgraphik
sgs_grs_hiroshige_a-1960-2272-31_001_s.jpg,Maisaka. 30. Station. Ansicht von Imagiri,Utagawa Hiroshige,,,136BE6BEF3A04AF693263FED90E485DB,um 1831-1834,Druckgraphik
sgs_grs_hiroshige_a-1960-2272-34_001_s.jpg,Futakawa. 33. Station. Das Plateau der Affen,Utagawa Hiroshige,,,BDB47B7094734A8C92EDB2B5D1B5E92E,um 1831-1834,Druckgraphik
sgs_grs_hiroshige_a-1960-2272-39_001_s.jpg,Okazaki. 38. Station. Die Yahagi-Brücke,Utagawa Hiroshige,,,F2C7768B7C7F4F7596A07FF039D911C6,um 1831-1834,Druckgraphik
sgs_grs_hiroshige_a-1960-2272-47_001_s.jpg,Kameyama. 46. Station. Klares Wetter nach Schneefall,Utagawa Hiroshige,,,63E5146306E64AF69DB7D2F51C678428,um 1831-1834,Druckgraphik
sgs_grs_schwitters_d-1966-316-7_001_s.jpg,Die Kathedrale,Kurt Schwitters,,,99F3F7399B98425B8666DE02AFBFCFD2,1920,"Illustriertes Buch, ill. Zeitschrift"
sgs_grs_klee_c-2015-5710_001_s.jpg,Winterliche Masken,Paul Klee,,,EABC948A19F745CEAF156063EBA53209,1938,Zeichnung
sgs_grs_ashiyuki_a-2016-9288_001_s.jpg,"Der Schauspieler Nakamura Matsue III als Tamazasa, die Frau von Kaheiji",Gigado Ashiyuki,,,446B7CCD9C8B4CA3B40BF8467D7C380D,1829,Druckgraphik
sgs_grs_passe_a-15507_001_s.jpg,Paeonie,Simon de Passe,,,E75C595A297E4FA7A2812B86AB1E6F41,1614,Druckgraphik
sgs_grs_anonym_c-2017-5756-148_001_s.jpg,Waldlandschaft mit einem Holzfäller,"Anonym, Niederlande Anfang 17. Jh.",,,1AD813D1E4CF489C90FE0EA033C1D54A,um 1600/10,Zeichnung
sgs_grs_brandt_c-2017-5756-17_001_s.jpg,Alte Straße bei Montefiascone,Otto Brandt,,,09464B4EDDA74DE5A8465C63A0009495,nach 1854,Zeichnung
sgs_grs_fischbach_c-2017-5756-51_001_s.jpg,Die Jungfrau vom Lauterbrunner Tal aus,Johann Fischbach,,,C1EFBB03D6A14A2EB682B25FDE3C8066,1825,Zeichnung
sgs_grs_genelli_c-2017-5756-66_001_s.jpg,Grotte bei Frascati mit zwei jungen Männern; hinten rechts zwei Spaziergänger,Janus Genelli,,,AE57A19EFC63485294814A8E102D4D55,um 1786/89,Zeichnung
sgs_grs_graeb_c-2017-5756-72_001_s.jpg,Wasserfall im Gebirge,Carl Georg Anton Graeb,,,5416ED09F55F41CCBBA37DDFE07302B2,um 1870/80,Zeichnung
NaN,Gebirgige Küste auf Madeira,Eduard Hildebrandt,,,9B291AA5FB404FBEB3B56586D417D5E2,1848,Zeichnung
sgs_grs_holsteijn_c-2017-5756-94_001_s.jpg,Rotweiß geflammte Tulpe,Pieter Holsteijn der Jüngere,,,4FB631BB3B784F5485DAB004D0E9EC5D,um 1645,Zeichnung
sgs_grs_hildebrandt_c-2017-5756-125_001_s.jpg,Gesellschaft im Park,Sebastien-François Leriche,,,61ED31AFDD524A0680D19192D9A89119,1778,Zeichnung
sgs_grs_oehme_c-2017-5756-150_001_s.jpg,Gartenmauer mit blühendem Holunder,Ernst Erwin Oehme,,,F4D1D80BE7D74FD08A468327B7D18941,1866,Zeichnung
sgs_grs_verlias_c-2017-5756-205_001_s.jpg,Oberbayerische Seelandschaft,Theodor Verhas,,,8F9379BF454542CD894D1695953A9DF6,1834,Zeichnung
sgs_grs_henstenburgh_c-2017-5756-246_001_s.jpg,Zwei Schmetterlinge,Herman Henstenburgh (Hengstenburgh),,,B86DD58B7DF94D0EB9E9304C772BAFF7,um 1700,Zeichnung
sgs_grs_hildebrandt_c-2017-5756-247_001_s.jpg,Zwei Krabben am Strand,Eduard Hildebrandt,,,6DA7144813324E7A9020E230AA2518ED,1846,Zeichnung
NaN,Hafen in Dordrecht,Franz Skarbina,,,8BA24627F9E8433BA225F858CFAEDFCB,1884,Zeichnung
sgs_grs_stuntz_c-2017-5756-280_001_s.jpg,Das Gessner-Denkmal in Arlesheim,Johann Baptist Stuntz,,,977EB53B16E045F18F1C6C3E83C0F5D7,nach 1788,Zeichnung
sgs_grs_toyokuni_a-2016-9547-kk_001_s.jpg,Die Kurtisane Izumiki begleitet von zwei niederrangigen Kurtisanen unter Pflaumenblüten,Utagawa Toyokuni III (Utagawa Kunisada),,,FE017A48AD3D42EB870207ABD27440D4,1862,Druckgraphik
sgs_grs_eisen_a-2016-9562_001_s.jpg,Schönheit mit Kind und spielenden Hunden (Aus der Serie: Sammlung von schönen Damen und Kindern),Keisai Eisen,,,CAF365147D184561AB80A92E96F04458,1815-1842,Druckgraphik
sgs_grs_shigemasa_a-1927-199_001_s.jpg,Eichkatzen im Stil des chinesischen Malers Wang Mian (Aus dem Buch: »Illustriertes Vorlagenbuch« (Ehon Tekagami)),Ooka Shunboku,,,24539AB4DE0B4DBD804D7362FCF64ED1,1720,Druckgraphik
NaN,Kōrin Album (Kōrin gafu),Taniguchi Kōkyō,,,158345691F0E4997B686609C0F36D461,1891,Skizzenbuch
sgs_grs_klengel_c-2017-5756-288_001_s.jpg,Bäume und Felsblock an einem Teich,Johann Christian Klengel,,,6EC68CAFA3F340F6A886FAEE356FEB2B,um 1780/90,Zeichnung
sgs_grs_huebner_c-2017-5756-289_001_s.jpg,Stadtansicht,Ulrich Hübner,,,A10541F45EC340A5B07D9A1C240AF6BF,um 1910,Zeichnung
sgs_grs_pankok_c-2017-5756-292_001_s.jpg,Friedhof,Bernhard Pankok,,,2C9C104E8F584E90A78881815EB070DD,1890,Zeichnung
sgs_grs_hildebrandt_c-2017-5756-301_001_s.jpg,Felsenküste,Eduard Hildebrandt,,,0C0D3296EF324AEEA105D9C72C384677,um 1848,Zeichnung
sgs_grs_arnold_c-2017-5757-53_001_s.jpg,Eisvogel,Carl Arnold,,,E7D6767FA9CF45788B1EADB0817889D2,1898,Zeichnung
sgs_grs_hoch_c-2017-5757-234_001_s.jpg,Fünf Schneckenhäuser,Johann Gustav Hoch,,,9F140B0819E340918D66C694BE9F18F3,um 1770,Zeichnung
sgs_grs_anonym_c-2017-5757-235_001_s.jpg,Hirschkäfer und zwei Schmetterlinge,"Anonym, Holland 17. Jahrhundert",,,3FCE4A5771E5451BBF2DE958ADD2305B,17. Jh.,Zeichnung
sgs_grs_hoguet_c-2017-5757-262_001_s.jpg,Küstenlandschaft (Uferpartie mit zwei Figuren),Charles Hoguet,,,4C019ADF3E44470E944443637000920D,1844,Zeichnung
sgs_grs_kley_c-2017-5757-302_001_s.jpg,Stadtlandschaft mit Brücke,Heinrich Kley,,,94AE4F2D0ABD4F2B97B79DA799D10570,um 1930,Zeichnung
sgs_grs_koenig_c-2017-5757-310_001_s.jpg,Geisterspuk,Heinrich König,,,CD8B45807AA440ECB2DCA1AFCA660599,1928,Zeichnung
sgs_grs_kobell_c-2017-5757-311_001_s.jpg,Landschaft mit Wasserfall,Franz Innocenz Josef Kobell,,,CF90D85E44BE46E88EE528B4D14D8D63,nach 1784,Zeichnung
sgs_grs_kobell_c-2017-5757-313_001_s.jpg,Bayerische Alpenlandschaft,Franz Innocenz Josef Kobell,,,FC735F3DFD0E422A910812947F5DFC0C,um 1790/1800,Zeichnung
sgs_grs_klengel_c-2017-5757-320_001_s.jpg,Hirte unter Bäumen,Johann Christian Klengel,,,20DEB1F8161F49D3BF6AFB88F111B692,um 1785,Zeichnung
sgs_grs_orlik_c-2017-5757-418_001_s.jpg,Hiddensee-Landschaft,Emil Orlik,,,21857FB71C364B7C98282A540294D9D7,1919,Zeichnung
sgs_grs_ravenswaay_c-2017-5757-468_001_s.jpg,Dorflandschaft mit Schafherde im Mittelgrund,Jan van Ravenswaay,,,C92D880B5FB543688A2C679166B189A1,um 1820/30,Zeichnung
sgs_grs_schmidt_c-2017-5757-559_001_s.jpg,Landschaft auf Korfu,Max Schmidt,,,527E1375AB0C415B9A543FB09B4EE230,1851,Zeichnung
sgs_grs_wiegmann_c-2017-5757-590_001_s.jpg,Colosseum und Tempel der Venus und Roma (mit S. Francesca) am Forum in Rom,Rudolf Wiegmann,,,934E7EA412194B9ABE1593F9F71E0BD7,1832,Zeichnung
sgs_grs_venus_c-2017-5757-598_001_s.jpg,Torre del Quinto,Albert Venus,,,6BE41FE48344411D895F23E4F9118B5F,1869,Zeichnung
sgs_grs_uhde_c-2017-5757-599_001_s.jpg,Vase mit Blumen,Fritz von Uhde,,,100831C967BD4977A318AF3EE5F5A63D,um 1900/06,Zeichnung
sgs_grs_kuesel_a-2018-10352-9_001_s.jpg,Blüten. 12,Johanna Christina Küsel,,,387CEB7C253F4B8EA1D7A0962C972024,NaN,Druckgraphik
sgs_grs_lissitzky_a-1977-5658-b_001_s.jpg,Ohne Titel (Blatt 4 in: Proun),El' Lisickij,,,7700A6051ACC4568AF504DE15E93F977,1919/23,Druckgraphik
sgs_grs_moholy_a-1974-5368-a_001_s.jpg,Ohne Titel (Blatt 6 in: Konstruktionen),László Moholy-Nagy,,,F561F3831B2443C08BAEE77627D6DCBF,1923,Druckgraphik
sgs_grs_moholy_a-1974-5368-c_001_s.jpg,Ohne Titel (Blatt 1 in: Konstruktionen),László Moholy-Nagy,,,789899C58B7B449F9CDE1939653E3123,1923,Druckgraphik
